{
  "type": "FeatureCollection",
  "name": "distritos_sao_paulo",
  "features": [
    {
      "type": "Feature",
      "properties": {
        "nome": "Sé",
        "subprefeitura": "Sé",
        "zona": "Centro",
        "populacao": 27742,
        "renda": 5420.0,
        "desloc": 32.5,
        "indice_deserto": 2.0,
        "classificacao": "Polo Consolidado (Bem Assistido)",
        "cor": "#10B981"
      },
      "geometry": {
        "type": "Polygon",
        "coordinates": [
          [
            [
              -46.6487,
              -23.5685
            ],
            [
              -46.6179,
              -23.5685
            ],
            [
              -46.6113,
              -23.5577
            ],
            [
              -46.6113,
              -23.5433
            ],
            [
              -46.6179,
              -23.5325
            ],
            [
              -46.6487,
              -23.5325
            ],
            [
              -46.6553,
              -23.5433
            ],
            [
              -46.6553,
              -23.5577
            ],
            [
              -46.6487,
              -23.5685
            ]
          ]
        ]
      }
    },
    {
      "type": "Feature",
      "properties": {
        "nome": "República",
        "subprefeitura": "Sé",
        "zona": "Centro",
        "populacao": 56981,
        "renda": 4890.0,
        "desloc": 33.1,
        "indice_deserto": 3.1,
        "classificacao": "Polo Consolidado (Bem Assistido)",
        "cor": "#10B981"
      },
      "geometry": {
        "type": "Polygon",
        "coordinates": [
          [
            [
              -46.6586,
              -23.5628
            ],
            [
              -46.6278,
              -23.5628
            ],
            [
              -46.6212,
              -23.552
            ],
            [
              -46.6212,
              -23.5376
            ],
            [
              -46.6278,
              -23.5268
            ],
            [
              -46.6586,
              -23.5268
            ],
            [
              -46.6652,
              -23.5376
            ],
            [
              -46.6652,
              -23.552
            ],
            [
              -46.6586,
              -23.5628
            ]
          ]
        ]
      }
    },
    {
      "type": "Feature",
      "properties": {
        "nome": "Consolação",
        "subprefeitura": "Sé",
        "zona": "Centro",
        "populacao": 61299,
        "renda": 8940.0,
        "desloc": 28.4,
        "indice_deserto": 1.2,
        "classificacao": "Polo Consolidado (Bem Assistido)",
        "cor": "#10B981"
      },
      "geometry": {
        "type": "Polygon",
        "coordinates": [
          [
            [
              -46.6736,
              -23.572
            ],
            [
              -46.6428,
              -23.572
            ],
            [
              -46.6362,
              -23.5612
            ],
            [
              -46.6362,
              -23.5468
            ],
            [
              -46.6428,
              -23.536
            ],
            [
              -46.6736,
              -23.536
            ],
            [
              -46.6802,
              -23.5468
            ],
            [
              -46.6802,
              -23.5612
            ],
            [
              -46.6736,
              -23.572
            ]
          ]
        ]
      }
    },
    {
      "type": "Feature",
      "properties": {
        "nome": "Bela Vista",
        "subprefeitura": "Sé",
        "zona": "Centro",
        "populacao": 75456,
        "renda": 5830.0,
        "desloc": 31.0,
        "indice_deserto": 3.5,
        "classificacao": "Em Cobertura (Prioridade 3)",
        "cor": "#3B82F6"
      },
      "geometry": {
        "type": "Polygon",
        "coordinates": [
          [
            [
              -46.6646,
              -23.5785
            ],
            [
              -46.6338,
              -23.5785
            ],
            [
              -46.6272,
              -23.5677
            ],
            [
              -46.6272,
              -23.5533
            ],
            [
              -46.6338,
              -23.5425
            ],
            [
              -46.6646,
              -23.5425
            ],
            [
              -46.6712,
              -23.5533
            ],
            [
              -46.6712,
              -23.5677
            ],
            [
              -46.6646,
              -23.5785
            ]
          ]
        ]
      }
    },
    {
      "type": "Feature",
      "properties": {
        "nome": "Liberdade",
        "subprefeitura": "Sé",
        "zona": "Centro",
        "populacao": 76540,
        "renda": 4720.0,
        "desloc": 32.8,
        "indice_deserto": 2.4,
        "classificacao": "Polo Consolidado (Bem Assistido)",
        "cor": "#10B981"
      },
      "geometry": {
        "type": "Polygon",
        "coordinates": [
          [
            [
              -46.6496,
              -23.5838
            ],
            [
              -46.6188,
              -23.5838
            ],
            [
              -46.6122,
              -23.573
            ],
            [
              -46.6122,
              -23.5586
            ],
            [
              -46.6188,
              -23.5478
            ],
            [
              -46.6496,
              -23.5478
            ],
            [
              -46.6562,
              -23.5586
            ],
            [
              -46.6562,
              -23.573
            ],
            [
              -46.6496,
              -23.5838
            ]
          ]
        ]
      }
    },
    {
      "type": "Feature",
      "properties": {
        "nome": "Cambuci",
        "subprefeitura": "Sé",
        "zona": "Centro",
        "populacao": 39543,
        "renda": 4120.0,
        "desloc": 35.2,
        "indice_deserto": 5.1,
        "classificacao": "Em Cobertura (Prioridade 3)",
        "cor": "#3B82F6"
      },
      "geometry": {
        "type": "Polygon",
        "coordinates": [
          [
            [
              -46.6368,
              -23.5894
            ],
            [
              -46.606,
              -23.5894
            ],
            [
              -46.5994,
              -23.5786
            ],
            [
              -46.5994,
              -23.5642
            ],
            [
              -46.606,
              -23.5534
            ],
            [
              -46.6368,
              -23.5534
            ],
            [
              -46.6434,
              -23.5642
            ],
            [
              -46.6434,
              -23.5786
            ],
            [
              -46.6368,
              -23.5894
            ]
          ]
        ]
      }
    },
    {
      "type": "Feature",
      "properties": {
        "nome": "Santa Cecília",
        "subprefeitura": "Sé",
        "zona": "Centro",
        "populacao": 88912,
        "renda": 5210.0,
        "desloc": 30.2,
        "indice_deserto": 3.8,
        "classificacao": "Em Cobertura (Prioridade 3)",
        "cor": "#3B82F6"
      },
      "geometry": {
        "type": "Polygon",
        "coordinates": [
          [
            [
              -46.6675,
              -23.5538
            ],
            [
              -46.6367,
              -23.5538
            ],
            [
              -46.6301,
              -23.543
            ],
            [
              -46.6301,
              -23.5286
            ],
            [
              -46.6367,
              -23.5178
            ],
            [
              -46.6675,
              -23.5178
            ],
            [
              -46.6741,
              -23.5286
            ],
            [
              -46.6741,
              -23.543
            ],
            [
              -46.6675,
              -23.5538
            ]
          ]
        ]
      }
    },
    {
      "type": "Feature",
      "properties": {
        "nome": "Bom Retiro",
        "subprefeitura": "Sé",
        "zona": "Centro",
        "populacao": 37810,
        "renda": 3950.0,
        "desloc": 33.4,
        "indice_deserto": 4.6,
        "classificacao": "Em Cobertura (Prioridade 3)",
        "cor": "#3B82F6"
      },
      "geometry": {
        "type": "Polygon",
        "coordinates": [
          [
            [
              -46.6536,
              -23.5445
            ],
            [
              -46.6228,
              -23.5445
            ],
            [
              -46.6162,
              -23.5337
            ],
            [
              -46.6162,
              -23.5193
            ],
            [
              -46.6228,
              -23.5085
            ],
            [
              -46.6536,
              -23.5085
            ],
            [
              -46.6602,
              -23.5193
            ],
            [
              -46.6602,
              -23.5337
            ],
            [
              -46.6536,
              -23.5445
            ]
          ]
        ]
      }
    },
    {
      "type": "Feature",
      "properties": {
        "nome": "Pari",
        "subprefeitura": "Mooca",
        "zona": "Leste",
        "populacao": 18920,
        "renda": 3870.0,
        "desloc": 36.1,
        "indice_deserto": 4.8,
        "classificacao": "Em Cobertura (Prioridade 3)",
        "cor": "#3B82F6"
      },
      "geometry": {
        "type": "Polygon",
        "coordinates": [
          [
            [
              -46.6338,
              -23.5478
            ],
            [
              -46.603,
              -23.5478
            ],
            [
              -46.5964,
              -23.537
            ],
            [
              -46.5964,
              -23.5226
            ],
            [
              -46.603,
              -23.5118
            ],
            [
              -46.6338,
              -23.5118
            ],
            [
              -46.6404,
              -23.5226
            ],
            [
              -46.6404,
              -23.537
            ],
            [
              -46.6338,
              -23.5478
            ]
          ]
        ]
      }
    },
    {
      "type": "Feature",
      "properties": {
        "nome": "Brás",
        "subprefeitura": "Mooca",
        "zona": "Leste",
        "populacao": 33215,
        "renda": 3680.0,
        "desloc": 34.8,
        "indice_deserto": 4.8,
        "classificacao": "Em Cobertura (Prioridade 3)",
        "cor": "#3B82F6"
      },
      "geometry": {
        "type": "Polygon",
        "coordinates": [
          [
            [
              -46.6328,
              -23.5592
            ],
            [
              -46.602,
              -23.5592
            ],
            [
              -46.5954,
              -23.5484
            ],
            [
              -46.5954,
              -23.534
            ],
            [
              -46.602,
              -23.5232
            ],
            [
              -46.6328,
              -23.5232
            ],
            [
              -46.6394,
              -23.534
            ],
            [
              -46.6394,
              -23.5484
            ],
            [
              -46.6328,
              -23.5592
            ]
          ]
        ]
      }
    },
    {
      "type": "Feature",
      "properties": {
        "nome": "Pinheiros",
        "subprefeitura": "Pinheiros",
        "zona": "Oeste",
        "populacao": 72540,
        "renda": 9850.0,
        "desloc": 27.2,
        "indice_deserto": 1.1,
        "classificacao": "Polo Consolidado (Bem Assistido)",
        "cor": "#10B981"
      },
      "geometry": {
        "type": "Polygon",
        "coordinates": [
          [
            [
              -46.7062,
              -23.5794
            ],
            [
              -46.6754,
              -23.5794
            ],
            [
              -46.6688,
              -23.5686
            ],
            [
              -46.6688,
              -23.5542
            ],
            [
              -46.6754,
              -23.5434
            ],
            [
              -46.7062,
              -23.5434
            ],
            [
              -46.7128,
              -23.5542
            ],
            [
              -46.7128,
              -23.5686
            ],
            [
              -46.7062,
              -23.5794
            ]
          ]
        ]
      }
    },
    {
      "type": "Feature",
      "properties": {
        "nome": "Alto de Pinheiros",
        "subprefeitura": "Pinheiros",
        "zona": "Oeste",
        "populacao": 43110,
        "renda": 10500.0,
        "desloc": 28.5,
        "indice_deserto": 2.4,
        "classificacao": "Polo Consolidado (Bem Assistido)",
        "cor": "#10B981"
      },
      "geometry": {
        "type": "Polygon",
        "coordinates": [
          [
            [
              -46.7236,
              -23.5672
            ],
            [
              -46.6928,
              -23.5672
            ],
            [
              -46.6862,
              -23.5564
            ],
            [
              -46.6862,
              -23.542
            ],
            [
              -46.6928,
              -23.5312
            ],
            [
              -46.7236,
              -23.5312
            ],
            [
              -46.7302,
              -23.542
            ],
            [
              -46.7302,
              -23.5564
            ],
            [
              -46.7236,
              -23.5672
            ]
          ]
        ]
      }
    },
    {
      "type": "Feature",
      "properties": {
        "nome": "Jardim Paulista",
        "subprefeitura": "Pinheiros",
        "zona": "Oeste",
        "populacao": 92340,
        "renda": 10200.0,
        "desloc": 26.8,
        "indice_deserto": 2.1,
        "classificacao": "Polo Consolidado (Bem Assistido)",
        "cor": "#10B981"
      },
      "geometry": {
        "type": "Polygon",
        "coordinates": [
          [
            [
              -46.6788,
              -23.5892
            ],
            [
              -46.648,
              -23.5892
            ],
            [
              -46.6414,
              -23.5784
            ],
            [
              -46.6414,
              -23.564
            ],
            [
              -46.648,
              -23.5532
            ],
            [
              -46.6788,
              -23.5532
            ],
            [
              -46.6854,
              -23.564
            ],
            [
              -46.6854,
              -23.5784
            ],
            [
              -46.6788,
              -23.5892
            ]
          ]
        ]
      }
    },
    {
      "type": "Feature",
      "properties": {
        "nome": "Itaim Bibi",
        "subprefeitura": "Pinheiros",
        "zona": "Oeste",
        "populacao": 97890,
        "renda": 9980.0,
        "desloc": 28.1,
        "indice_deserto": 1.2,
        "classificacao": "Polo Consolidado (Bem Assistido)",
        "cor": "#10B981"
      },
      "geometry": {
        "type": "Polygon",
        "coordinates": [
          [
            [
              -46.6943,
              -23.6022
            ],
            [
              -46.6635,
              -23.6022
            ],
            [
              -46.6569,
              -23.5914
            ],
            [
              -46.6569,
              -23.577
            ],
            [
              -46.6635,
              -23.5662
            ],
            [
              -46.6943,
              -23.5662
            ],
            [
              -46.7009,
              -23.577
            ],
            [
              -46.7009,
              -23.5914
            ],
            [
              -46.6943,
              -23.6022
            ]
          ]
        ]
      }
    },
    {
      "type": "Feature",
      "properties": {
        "nome": "Lapa",
        "subprefeitura": "Lapa",
        "zona": "Oeste",
        "populacao": 65420,
        "renda": 6420.0,
        "desloc": 34.2,
        "indice_deserto": 2.3,
        "classificacao": "Polo Consolidado (Bem Assistido)",
        "cor": "#10B981"
      },
      "geometry": {
        "type": "Polygon",
        "coordinates": [
          [
            [
              -46.7136,
              -23.5394
            ],
            [
              -46.6828,
              -23.5394
            ],
            [
              -46.6762,
              -23.5286
            ],
            [
              -46.6762,
              -23.5142
            ],
            [
              -46.6828,
              -23.5034
            ],
            [
              -46.7136,
              -23.5034
            ],
            [
              -46.7202,
              -23.5142
            ],
            [
              -46.7202,
              -23.5286
            ],
            [
              -46.7136,
              -23.5394
            ]
          ]
        ]
      }
    },
    {
      "type": "Feature",
      "properties": {
        "nome": "Perdizes",
        "subprefeitura": "Lapa",
        "zona": "Oeste",
        "populacao": 115200,
        "renda": 7890.0,
        "desloc": 30.5,
        "indice_deserto": 2.8,
        "classificacao": "Polo Consolidado (Bem Assistido)",
        "cor": "#10B981"
      },
      "geometry": {
        "type": "Polygon",
        "coordinates": [
          [
            [
              -46.6896,
              -23.5569
            ],
            [
              -46.6588,
              -23.5569
            ],
            [
              -46.6522,
              -23.5461
            ],
            [
              -46.6522,
              -23.5317
            ],
            [
              -46.6588,
              -23.5209
            ],
            [
              -46.6896,
              -23.5209
            ],
            [
              -46.6962,
              -23.5317
            ],
            [
              -46.6962,
              -23.5461
            ],
            [
              -46.6896,
              -23.5569
            ]
          ]
        ]
      }
    },
    {
      "type": "Feature",
      "properties": {
        "nome": "Barra Funda",
        "subprefeitura": "Lapa",
        "zona": "Oeste",
        "populacao": 18450,
        "renda": 6120.0,
        "desloc": 31.8,
        "indice_deserto": 3.4,
        "classificacao": "Polo Consolidado (Bem Assistido)",
        "cor": "#10B981"
      },
      "geometry": {
        "type": "Polygon",
        "coordinates": [
          [
            [
              -46.6775,
              -23.5434
            ],
            [
              -46.6467,
              -23.5434
            ],
            [
              -46.6401,
              -23.5326
            ],
            [
              -46.6401,
              -23.5182
            ],
            [
              -46.6467,
              -23.5074
            ],
            [
              -46.6775,
              -23.5074
            ],
            [
              -46.6841,
              -23.5182
            ],
            [
              -46.6841,
              -23.5326
            ],
            [
              -46.6775,
              -23.5434
            ]
          ]
        ]
      }
    },
    {
      "type": "Feature",
      "properties": {
        "nome": "Vila Leopoldina",
        "subprefeitura": "Lapa",
        "zona": "Oeste",
        "populacao": 43890,
        "renda": 6780.0,
        "desloc": 35.1,
        "indice_deserto": 3.2,
        "classificacao": "Polo Consolidado (Bem Assistido)",
        "cor": "#10B981"
      },
      "geometry": {
        "type": "Polygon",
        "coordinates": [
          [
            [
              -46.7443,
              -23.5469
            ],
            [
              -46.7135,
              -23.5469
            ],
            [
              -46.7069,
              -23.5361
            ],
            [
              -46.7069,
              -23.5217
            ],
            [
              -46.7135,
              -23.5109
            ],
            [
              -46.7443,
              -23.5109
            ],
            [
              -46.7509,
              -23.5217
            ],
            [
              -46.7509,
              -23.5361
            ],
            [
              -46.7443,
              -23.5469
            ]
          ]
        ]
      }
    },
    {
      "type": "Feature",
      "properties": {
        "nome": "Jaguara",
        "subprefeitura": "Lapa",
        "zona": "Oeste",
        "populacao": 25110,
        "renda": 3450.0,
        "desloc": 44.5,
        "indice_deserto": 5.8,
        "classificacao": "Deserto Moderado (Prioridade 2)",
        "cor": "#F59E0B"
      },
      "geometry": {
        "type": "Polygon",
        "coordinates": [
          [
            [
              -46.761,
              -23.5292
            ],
            [
              -46.7302,
              -23.5292
            ],
            [
              -46.7236,
              -23.5184
            ],
            [
              -46.7236,
              -23.504
            ],
            [
              -46.7302,
              -23.4932
            ],
            [
              -46.761,
              -23.4932
            ],
            [
              -46.7676,
              -23.504
            ],
            [
              -46.7676,
              -23.5184
            ],
            [
              -46.761,
              -23.5292
            ]
          ]
        ]
      }
    },
    {
      "type": "Feature",
      "properties": {
        "nome": "Jaguaré",
        "subprefeitura": "Lapa",
        "zona": "Oeste",
        "populacao": 54230,
        "renda": 3670.0,
        "desloc": 43.8,
        "indice_deserto": 5.7,
        "classificacao": "Deserto Moderado (Prioridade 2)",
        "cor": "#F59E0B"
      },
      "geometry": {
        "type": "Polygon",
        "coordinates": [
          [
            [
              -46.7646,
              -23.5622
            ],
            [
              -46.7338,
              -23.5622
            ],
            [
              -46.7272,
              -23.5514
            ],
            [
              -46.7272,
              -23.537
            ],
            [
              -46.7338,
              -23.5262
            ],
            [
              -46.7646,
              -23.5262
            ],
            [
              -46.7712,
              -23.537
            ],
            [
              -46.7712,
              -23.5514
            ],
            [
              -46.7646,
              -23.5622
            ]
          ]
        ]
      }
    },
    {
      "type": "Feature",
      "properties": {
        "nome": "Butantã",
        "subprefeitura": "Butantã",
        "zona": "Oeste",
        "populacao": 58920,
        "renda": 5120.0,
        "desloc": 39.2,
        "indice_deserto": 3.6,
        "classificacao": "Em Cobertura (Prioridade 3)",
        "cor": "#3B82F6"
      },
      "geometry": {
        "type": "Polygon",
        "coordinates": [
          [
            [
              -46.7352,
              -23.5894
            ],
            [
              -46.7044,
              -23.5894
            ],
            [
              -46.6978,
              -23.5786
            ],
            [
              -46.6978,
              -23.5642
            ],
            [
              -46.7044,
              -23.5534
            ],
            [
              -46.7352,
              -23.5534
            ],
            [
              -46.7418,
              -23.5642
            ],
            [
              -46.7418,
              -23.5786
            ],
            [
              -46.7352,
              -23.5894
            ]
          ]
        ]
      }
    },
    {
      "type": "Feature",
      "properties": {
        "nome": "Morumbi",
        "subprefeitura": "Butantã",
        "zona": "Oeste",
        "populacao": 49870,
        "renda": 8450.0,
        "desloc": 38.6,
        "indice_deserto": 2.7,
        "classificacao": "Polo Consolidado (Bem Assistido)",
        "cor": "#10B981"
      },
      "geometry": {
        "type": "Polygon",
        "coordinates": [
          [
            [
              -46.7275,
              -23.6162
            ],
            [
              -46.6967,
              -23.6162
            ],
            [
              -46.6901,
              -23.6054
            ],
            [
              -46.6901,
              -23.591
            ],
            [
              -46.6967,
              -23.5802
            ],
            [
              -46.7275,
              -23.5802
            ],
            [
              -46.7341,
              -23.591
            ],
            [
              -46.7341,
              -23.6054
            ],
            [
              -46.7275,
              -23.6162
            ]
          ]
        ]
      }
    },
    {
      "type": "Feature",
      "properties": {
        "nome": "Vila Sônia",
        "subprefeitura": "Butantã",
        "zona": "Oeste",
        "populacao": 118450,
        "renda": 4230.0,
        "desloc": 47.1,
        "indice_deserto": 6.3,
        "classificacao": "Deserto Moderado (Prioridade 2)",
        "cor": "#F59E0B"
      },
      "geometry": {
        "type": "Polygon",
        "coordinates": [
          [
            [
              -46.7543,
              -23.6134
            ],
            [
              -46.7235,
              -23.6134
            ],
            [
              -46.7169,
              -23.6026
            ],
            [
              -46.7169,
              -23.5882
            ],
            [
              -46.7235,
              -23.5774
            ],
            [
              -46.7543,
              -23.5774
            ],
            [
              -46.7609,
              -23.5882
            ],
            [
              -46.7609,
              -23.6026
            ],
            [
              -46.7543,
              -23.6134
            ]
          ]
        ]
      }
    },
    {
      "type": "Feature",
      "properties": {
        "nome": "Rio Pequeno",
        "subprefeitura": "Butantã",
        "zona": "Oeste",
        "populacao": 128900,
        "renda": 2890.0,
        "desloc": 52.3,
        "indice_deserto": 7.7,
        "classificacao": "Deserto Crítico (Prioridade 1)",
        "cor": "#DC2626"
      },
      "geometry": {
        "type": "Polygon",
        "coordinates": [
          [
            [
              -46.7736,
              -23.5878
            ],
            [
              -46.7428,
              -23.5878
            ],
            [
              -46.7362,
              -23.577
            ],
            [
              -46.7362,
              -23.5626
            ],
            [
              -46.7428,
              -23.5518
            ],
            [
              -46.7736,
              -23.5518
            ],
            [
              -46.7802,
              -23.5626
            ],
            [
              -46.7802,
              -23.577
            ],
            [
              -46.7736,
              -23.5878
            ]
          ]
        ]
      }
    },
    {
      "type": "Feature",
      "properties": {
        "nome": "Raposo Tavares",
        "subprefeitura": "Butantã",
        "zona": "Oeste",
        "populacao": 107600,
        "renda": 2680.0,
        "desloc": 55.8,
        "indice_deserto": 8.0,
        "classificacao": "Deserto Crítico (Prioridade 1)",
        "cor": "#DC2626"
      },
      "geometry": {
        "type": "Polygon",
        "coordinates": [
          [
            [
              -46.7975,
              -23.6069
            ],
            [
              -46.7667,
              -23.6069
            ],
            [
              -46.7601,
              -23.5961
            ],
            [
              -46.7601,
              -23.5817
            ],
            [
              -46.7667,
              -23.5709
            ],
            [
              -46.7975,
              -23.5709
            ],
            [
              -46.8041,
              -23.5817
            ],
            [
              -46.8041,
              -23.5961
            ],
            [
              -46.7975,
              -23.6069
            ]
          ]
        ]
      }
    },
    {
      "type": "Feature",
      "properties": {
        "nome": "Santana",
        "subprefeitura": "Santana/Tucuruvi",
        "zona": "Norte",
        "populacao": 124500,
        "renda": 5430.0,
        "desloc": 39.4,
        "indice_deserto": 4.5,
        "classificacao": "Em Cobertura (Prioridade 3)",
        "cor": "#3B82F6"
      },
      "geometry": {
        "type": "Polygon",
        "coordinates": [
          [
            [
              -46.6443,
              -23.5192
            ],
            [
              -46.6135,
              -23.5192
            ],
            [
              -46.6069,
              -23.5084
            ],
            [
              -46.6069,
              -23.494
            ],
            [
              -46.6135,
              -23.4832
            ],
            [
              -46.6443,
              -23.4832
            ],
            [
              -46.6509,
              -23.494
            ],
            [
              -46.6509,
              -23.5084
            ],
            [
              -46.6443,
              -23.5192
            ]
          ]
        ]
      }
    },
    {
      "type": "Feature",
      "properties": {
        "nome": "Tucuruvi",
        "subprefeitura": "Santana/Tucuruvi",
        "zona": "Norte",
        "populacao": 102400,
        "renda": 4120.0,
        "desloc": 45.6,
        "indice_deserto": 6.4,
        "classificacao": "Deserto Moderado (Prioridade 2)",
        "cor": "#F59E0B"
      },
      "geometry": {
        "type": "Polygon",
        "coordinates": [
          [
            [
              -46.6175,
              -23.4969
            ],
            [
              -46.5867,
              -23.4969
            ],
            [
              -46.5801,
              -23.4861
            ],
            [
              -46.5801,
              -23.4717
            ],
            [
              -46.5867,
              -23.4609
            ],
            [
              -46.6175,
              -23.4609
            ],
            [
              -46.6241,
              -23.4717
            ],
            [
              -46.6241,
              -23.4861
            ],
            [
              -46.6175,
              -23.4969
            ]
          ]
        ]
      }
    },
    {
      "type": "Feature",
      "properties": {
        "nome": "Mandaqui",
        "subprefeitura": "Santana/Tucuruvi",
        "zona": "Norte",
        "populacao": 112300,
        "renda": 4350.0,
        "desloc": 44.8,
        "indice_deserto": 6.3,
        "classificacao": "Deserto Moderado (Prioridade 2)",
        "cor": "#F59E0B"
      },
      "geometry": {
        "type": "Polygon",
        "coordinates": [
          [
            [
              -46.6566,
              -23.4934
            ],
            [
              -46.6258,
              -23.4934
            ],
            [
              -46.6192,
              -23.4826
            ],
            [
              -46.6192,
              -23.4682
            ],
            [
              -46.6258,
              -23.4574
            ],
            [
              -46.6566,
              -23.4574
            ],
            [
              -46.6632,
              -23.4682
            ],
            [
              -46.6632,
              -23.4826
            ],
            [
              -46.6566,
              -23.4934
            ]
          ]
        ]
      }
    },
    {
      "type": "Feature",
      "properties": {
        "nome": "Casa Verde",
        "subprefeitura": "Casa Verde",
        "zona": "Norte",
        "populacao": 89450,
        "renda": 4510.0,
        "desloc": 39.5,
        "indice_deserto": 4.5,
        "classificacao": "Em Cobertura (Prioridade 3)",
        "cor": "#3B82F6"
      },
      "geometry": {
        "type": "Polygon",
        "coordinates": [
          [
            [
              -46.6775,
              -23.5269
            ],
            [
              -46.6467,
              -23.5269
            ],
            [
              -46.6401,
              -23.5161
            ],
            [
              -46.6401,
              -23.5017
            ],
            [
              -46.6467,
              -23.4909
            ],
            [
              -46.6775,
              -23.4909
            ],
            [
              -46.6841,
              -23.5017
            ],
            [
              -46.6841,
              -23.5161
            ],
            [
              -46.6775,
              -23.5269
            ]
          ]
        ]
      }
    },
    {
      "type": "Feature",
      "properties": {
        "nome": "Limão",
        "subprefeitura": "Casa Verde",
        "zona": "Norte",
        "populacao": 84120,
        "renda": 3890.0,
        "desloc": 42.1,
        "indice_deserto": 6.1,
        "classificacao": "Deserto Moderado (Prioridade 2)",
        "cor": "#F59E0B"
      },
      "geometry": {
        "type": "Polygon",
        "coordinates": [
          [
            [
              -46.6996,
              -23.5192
            ],
            [
              -46.6688,
              -23.5192
            ],
            [
              -46.6622,
              -23.5084
            ],
            [
              -46.6622,
              -23.494
            ],
            [
              -46.6688,
              -23.4832
            ],
            [
              -46.6996,
              -23.4832
            ],
            [
              -46.7062,
              -23.494
            ],
            [
              -46.7062,
              -23.5084
            ],
            [
              -46.6996,
              -23.5192
            ]
          ]
        ]
      }
    },
    {
      "type": "Feature",
      "properties": {
        "nome": "Cachoeirinha",
        "subprefeitura": "Casa Verde",
        "zona": "Norte",
        "populacao": 154200,
        "renda": 2670.0,
        "desloc": 56.4,
        "indice_deserto": 8.1,
        "classificacao": "Deserto Crítico (Prioridade 1)",
        "cor": "#DC2626"
      },
      "geometry": {
        "type": "Polygon",
        "coordinates": [
          [
            [
              -46.6775,
              -23.4869
            ],
            [
              -46.6467,
              -23.4869
            ],
            [
              -46.6401,
              -23.4761
            ],
            [
              -46.6401,
              -23.4617
            ],
            [
              -46.6467,
              -23.4509
            ],
            [
              -46.6775,
              -23.4509
            ],
            [
              -46.6841,
              -23.4617
            ],
            [
              -46.6841,
              -23.4761
            ],
            [
              -46.6775,
              -23.4869
            ]
          ]
        ]
      }
    },
    {
      "type": "Feature",
      "properties": {
        "nome": "Freguesia do Ó",
        "subprefeitura": "Freguesia/Brasilândia",
        "zona": "Norte",
        "populacao": 149800,
        "renda": 3950.0,
        "desloc": 48.2,
        "indice_deserto": 6.7,
        "classificacao": "Deserto Moderado (Prioridade 2)",
        "cor": "#F59E0B"
      },
      "geometry": {
        "type": "Polygon",
        "coordinates": [
          [
            [
              -46.7136,
              -23.5162
            ],
            [
              -46.6828,
              -23.5162
            ],
            [
              -46.6762,
              -23.5054
            ],
            [
              -46.6762,
              -23.491
            ],
            [
              -46.6828,
              -23.4802
            ],
            [
              -46.7136,
              -23.4802
            ],
            [
              -46.7202,
              -23.491
            ],
            [
              -46.7202,
              -23.5054
            ],
            [
              -46.7136,
              -23.5162
            ]
          ]
        ]
      }
    },
    {
      "type": "Feature",
      "properties": {
        "nome": "Brasilândia",
        "subprefeitura": "Freguesia/Brasilândia",
        "zona": "Norte",
        "populacao": 279500,
        "renda": 2180.0,
        "desloc": 64.7,
        "indice_deserto": 7.9,
        "classificacao": "Deserto Crítico (Prioridade 1)",
        "cor": "#DC2626"
      },
      "geometry": {
        "type": "Polygon",
        "coordinates": [
          [
            [
              -46.7046,
              -23.4792
            ],
            [
              -46.6738,
              -23.4792
            ],
            [
              -46.6672,
              -23.4684
            ],
            [
              -46.6672,
              -23.454
            ],
            [
              -46.6738,
              -23.4432
            ],
            [
              -46.7046,
              -23.4432
            ],
            [
              -46.7112,
              -23.454
            ],
            [
              -46.7112,
              -23.4684
            ],
            [
              -46.7046,
              -23.4792
            ]
          ]
        ]
      }
    },
    {
      "type": "Feature",
      "properties": {
        "nome": "Pirituba",
        "subprefeitura": "Pirituba/Jaraguá",
        "zona": "Norte",
        "populacao": 178200,
        "renda": 3540.0,
        "desloc": 49.3,
        "indice_deserto": 7.1,
        "classificacao": "Deserto Moderado (Prioridade 2)",
        "cor": "#F59E0B"
      },
      "geometry": {
        "type": "Polygon",
        "coordinates": [
          [
            [
              -46.7368,
              -23.5034
            ],
            [
              -46.706,
              -23.5034
            ],
            [
              -46.6994,
              -23.4926
            ],
            [
              -46.6994,
              -23.4782
            ],
            [
              -46.706,
              -23.4674
            ],
            [
              -46.7368,
              -23.4674
            ],
            [
              -46.7434,
              -23.4782
            ],
            [
              -46.7434,
              -23.4926
            ],
            [
              -46.7368,
              -23.5034
            ]
          ]
        ]
      }
    },
    {
      "type": "Feature",
      "properties": {
        "nome": "Jaraguá",
        "subprefeitura": "Pirituba/Jaraguá",
        "zona": "Norte",
        "populacao": 218900,
        "renda": 2340.0,
        "desloc": 61.2,
        "indice_deserto": 7.6,
        "classificacao": "Deserto Crítico (Prioridade 1)",
        "cor": "#DC2626"
      },
      "geometry": {
        "type": "Polygon",
        "coordinates": [
          [
            [
              -46.7543,
              -23.4636
            ],
            [
              -46.7235,
              -23.4636
            ],
            [
              -46.7169,
              -23.4528
            ],
            [
              -46.7169,
              -23.4384
            ],
            [
              -46.7235,
              -23.4276
            ],
            [
              -46.7543,
              -23.4276
            ],
            [
              -46.7609,
              -23.4384
            ],
            [
              -46.7609,
              -23.4528
            ],
            [
              -46.7543,
              -23.4636
            ]
          ]
        ]
      }
    },
    {
      "type": "Feature",
      "properties": {
        "nome": "São Domingos",
        "subprefeitura": "Pirituba/Jaraguá",
        "zona": "Norte",
        "populacao": 92450,
        "renda": 3820.0,
        "desloc": 46.5,
        "indice_deserto": 6.5,
        "classificacao": "Deserto Moderado (Prioridade 2)",
        "cor": "#F59E0B"
      },
      "geometry": {
        "type": "Polygon",
        "coordinates": [
          [
            [
              -46.7543,
              -23.5234
            ],
            [
              -46.7235,
              -23.5234
            ],
            [
              -46.7169,
              -23.5126
            ],
            [
              -46.7169,
              -23.4982
            ],
            [
              -46.7235,
              -23.4874
            ],
            [
              -46.7543,
              -23.4874
            ],
            [
              -46.7609,
              -23.4982
            ],
            [
              -46.7609,
              -23.5126
            ],
            [
              -46.7543,
              -23.5234
            ]
          ]
        ]
      }
    },
    {
      "type": "Feature",
      "properties": {
        "nome": "Perus",
        "subprefeitura": "Perus",
        "zona": "Norte",
        "populacao": 94800,
        "renda": 2290.0,
        "desloc": 65.4,
        "indice_deserto": 7.8,
        "classificacao": "Deserto Crítico (Prioridade 1)",
        "cor": "#DC2626"
      },
      "geometry": {
        "type": "Polygon",
        "coordinates": [
          [
            [
              -46.7696,
              -23.4234
            ],
            [
              -46.7388,
              -23.4234
            ],
            [
              -46.7322,
              -23.4126
            ],
            [
              -46.7322,
              -23.3982
            ],
            [
              -46.7388,
              -23.3874
            ],
            [
              -46.7696,
              -23.3874
            ],
            [
              -46.7762,
              -23.3982
            ],
            [
              -46.7762,
              -23.4126
            ],
            [
              -46.7696,
              -23.4234
            ]
          ]
        ]
      }
    },
    {
      "type": "Feature",
      "properties": {
        "nome": "Anhanguera",
        "subprefeitura": "Perus",
        "zona": "Norte",
        "populacao": 76500,
        "renda": 2110.0,
        "desloc": 68.2,
        "indice_deserto": 9.1,
        "classificacao": "Deserto Crítico (Prioridade 1)",
        "cor": "#DC2626"
      },
      "geometry": {
        "type": "Polygon",
        "coordinates": [
          [
            [
              -46.8046,
              -23.4034
            ],
            [
              -46.7738,
              -23.4034
            ],
            [
              -46.7672,
              -23.3926
            ],
            [
              -46.7672,
              -23.3782
            ],
            [
              -46.7738,
              -23.3674
            ],
            [
              -46.8046,
              -23.3674
            ],
            [
              -46.8112,
              -23.3782
            ],
            [
              -46.8112,
              -23.3926
            ],
            [
              -46.8046,
              -23.4034
            ]
          ]
        ]
      }
    },
    {
      "type": "Feature",
      "properties": {
        "nome": "Jaçanã",
        "subprefeitura": "Jaçanã/Tremembé",
        "zona": "Norte",
        "populacao": 98900,
        "renda": 2980.0,
        "desloc": 53.6,
        "indice_deserto": 6.6,
        "classificacao": "Deserto Moderado (Prioridade 2)",
        "cor": "#F59E0B"
      },
      "geometry": {
        "type": "Polygon",
        "coordinates": [
          [
            [
              -46.5943,
              -23.4792
            ],
            [
              -46.5635,
              -23.4792
            ],
            [
              -46.5569,
              -23.4684
            ],
            [
              -46.5569,
              -23.454
            ],
            [
              -46.5635,
              -23.4432
            ],
            [
              -46.5943,
              -23.4432
            ],
            [
              -46.6009,
              -23.454
            ],
            [
              -46.6009,
              -23.4684
            ],
            [
              -46.5943,
              -23.4792
            ]
          ]
        ]
      }
    },
    {
      "type": "Feature",
      "properties": {
        "nome": "Tremembé",
        "subprefeitura": "Jaçanã/Tremembé",
        "zona": "Norte",
        "populacao": 208400,
        "renda": 2760.0,
        "desloc": 57.1,
        "indice_deserto": 8.1,
        "classificacao": "Deserto Crítico (Prioridade 1)",
        "cor": "#DC2626"
      },
      "geometry": {
        "type": "Polygon",
        "coordinates": [
          [
            [
              -46.6275,
              -23.4669
            ],
            [
              -46.5967,
              -23.4669
            ],
            [
              -46.5901,
              -23.4561
            ],
            [
              -46.5901,
              -23.4417
            ],
            [
              -46.5967,
              -23.4309
            ],
            [
              -46.6275,
              -23.4309
            ],
            [
              -46.6341,
              -23.4417
            ],
            [
              -46.6341,
              -23.4561
            ],
            [
              -46.6275,
              -23.4669
            ]
          ]
        ]
      }
    },
    {
      "type": "Feature",
      "properties": {
        "nome": "Vila Maria",
        "subprefeitura": "Vila Maria/Vila Guilherme",
        "zona": "Norte",
        "populacao": 118400,
        "renda": 3690.0,
        "desloc": 42.8,
        "indice_deserto": 6.0,
        "classificacao": "Deserto Moderado (Prioridade 2)",
        "cor": "#F59E0B"
      },
      "geometry": {
        "type": "Polygon",
        "coordinates": [
          [
            [
              -46.6136,
              -23.5292
            ],
            [
              -46.5828,
              -23.5292
            ],
            [
              -46.5762,
              -23.5184
            ],
            [
              -46.5762,
              -23.504
            ],
            [
              -46.5828,
              -23.4932
            ],
            [
              -46.6136,
              -23.4932
            ],
            [
              -46.6202,
              -23.504
            ],
            [
              -46.6202,
              -23.5184
            ],
            [
              -46.6136,
              -23.5292
            ]
          ]
        ]
      }
    },
    {
      "type": "Feature",
      "properties": {
        "nome": "Vila Guilherme",
        "subprefeitura": "Vila Maria/Vila Guilherme",
        "zona": "Norte",
        "populacao": 57800,
        "renda": 4120.0,
        "desloc": 39.2,
        "indice_deserto": 5.2,
        "classificacao": "Em Cobertura (Prioridade 3)",
        "cor": "#3B82F6"
      },
      "geometry": {
        "type": "Polygon",
        "coordinates": [
          [
            [
              -46.6308,
              -23.5334
            ],
            [
              -46.6,
              -23.5334
            ],
            [
              -46.5934,
              -23.5226
            ],
            [
              -46.5934,
              -23.5082
            ],
            [
              -46.6,
              -23.4974
            ],
            [
              -46.6308,
              -23.4974
            ],
            [
              -46.6374,
              -23.5082
            ],
            [
              -46.6374,
              -23.5226
            ],
            [
              -46.6308,
              -23.5334
            ]
          ]
        ]
      }
    },
    {
      "type": "Feature",
      "properties": {
        "nome": "Vila Medeiros",
        "subprefeitura": "Vila Maria/Vila Guilherme",
        "zona": "Norte",
        "populacao": 139500,
        "renda": 3120.0,
        "desloc": 49.8,
        "indice_deserto": 7.4,
        "classificacao": "Deserto Moderado (Prioridade 2)",
        "cor": "#F59E0B"
      },
      "geometry": {
        "type": "Polygon",
        "coordinates": [
          [
            [
              -46.6028,
              -23.5072
            ],
            [
              -46.572,
              -23.5072
            ],
            [
              -46.5654,
              -23.4964
            ],
            [
              -46.5654,
              -23.482
            ],
            [
              -46.572,
              -23.4712
            ],
            [
              -46.6028,
              -23.4712
            ],
            [
              -46.6094,
              -23.482
            ],
            [
              -46.6094,
              -23.4964
            ],
            [
              -46.6028,
              -23.5072
            ]
          ]
        ]
      }
    },
    {
      "type": "Feature",
      "properties": {
        "nome": "Mooca",
        "subprefeitura": "Mooca",
        "zona": "Leste",
        "populacao": 82300,
        "renda": 5640.0,
        "desloc": 34.6,
        "indice_deserto": 3.8,
        "classificacao": "Em Cobertura (Prioridade 3)",
        "cor": "#3B82F6"
      },
      "geometry": {
        "type": "Polygon",
        "coordinates": [
          [
            [
              -46.6136,
              -23.5769
            ],
            [
              -46.5828,
              -23.5769
            ],
            [
              -46.5762,
              -23.5661
            ],
            [
              -46.5762,
              -23.5517
            ],
            [
              -46.5828,
              -23.5409
            ],
            [
              -46.6136,
              -23.5409
            ],
            [
              -46.6202,
              -23.5517
            ],
            [
              -46.6202,
              -23.5661
            ],
            [
              -46.6136,
              -23.5769
            ]
          ]
        ]
      }
    },
    {
      "type": "Feature",
      "properties": {
        "nome": "Água Rasa",
        "subprefeitura": "Mooca",
        "zona": "Leste",
        "populacao": 87400,
        "renda": 4450.0,
        "desloc": 38.5,
        "indice_deserto": 5.6,
        "classificacao": "Deserto Moderado (Prioridade 2)",
        "cor": "#F59E0B"
      },
      "geometry": {
        "type": "Polygon",
        "coordinates": [
          [
            [
              -46.5936,
              -23.5792
            ],
            [
              -46.5628,
              -23.5792
            ],
            [
              -46.5562,
              -23.5684
            ],
            [
              -46.5562,
              -23.554
            ],
            [
              -46.5628,
              -23.5432
            ],
            [
              -46.5936,
              -23.5432
            ],
            [
              -46.6002,
              -23.554
            ],
            [
              -46.6002,
              -23.5684
            ],
            [
              -46.5936,
              -23.5792
            ]
          ]
        ]
      }
    },
    {
      "type": "Feature",
      "properties": {
        "nome": "Belém",
        "subprefeitura": "Mooca",
        "zona": "Leste",
        "populacao": 51200,
        "renda": 4780.0,
        "desloc": 35.1,
        "indice_deserto": 4.4,
        "classificacao": "Em Cobertura (Prioridade 3)",
        "cor": "#3B82F6"
      },
      "geometry": {
        "type": "Polygon",
        "coordinates": [
          [
            [
              -46.6075,
              -23.5569
            ],
            [
              -46.5767,
              -23.5569
            ],
            [
              -46.5701,
              -23.5461
            ],
            [
              -46.5701,
              -23.5317
            ],
            [
              -46.5767,
              -23.5209
            ],
            [
              -46.6075,
              -23.5209
            ],
            [
              -46.6141,
              -23.5317
            ],
            [
              -46.6141,
              -23.5461
            ],
            [
              -46.6075,
              -23.5569
            ]
          ]
        ]
      }
    },
    {
      "type": "Feature",
      "properties": {
        "nome": "Tatuapé",
        "subprefeitura": "Mooca",
        "zona": "Leste",
        "populacao": 105400,
        "renda": 6780.0,
        "desloc": 34.2,
        "indice_deserto": 3.1,
        "classificacao": "Polo Consolidado (Bem Assistido)",
        "cor": "#10B981"
      },
      "geometry": {
        "type": "Polygon",
        "coordinates": [
          [
            [
              -46.5866,
              -23.5592
            ],
            [
              -46.5558,
              -23.5592
            ],
            [
              -46.5492,
              -23.5484
            ],
            [
              -46.5492,
              -23.534
            ],
            [
              -46.5558,
              -23.5232
            ],
            [
              -46.5866,
              -23.5232
            ],
            [
              -46.5932,
              -23.534
            ],
            [
              -46.5932,
              -23.5484
            ],
            [
              -46.5866,
              -23.5592
            ]
          ]
        ]
      }
    },
    {
      "type": "Feature",
      "properties": {
        "nome": "Penha",
        "subprefeitura": "Penha",
        "zona": "Leste",
        "populacao": 134500,
        "renda": 4150.0,
        "desloc": 44.8,
        "indice_deserto": 6.2,
        "classificacao": "Deserto Moderado (Prioridade 2)",
        "cor": "#F59E0B"
      },
      "geometry": {
        "type": "Polygon",
        "coordinates": [
          [
            [
              -46.5566,
              -23.5469
            ],
            [
              -46.5258,
              -23.5469
            ],
            [
              -46.5192,
              -23.5361
            ],
            [
              -46.5192,
              -23.5217
            ],
            [
              -46.5258,
              -23.5109
            ],
            [
              -46.5566,
              -23.5109
            ],
            [
              -46.5632,
              -23.5217
            ],
            [
              -46.5632,
              -23.5361
            ],
            [
              -46.5566,
              -23.5469
            ]
          ]
        ]
      }
    },
    {
      "type": "Feature",
      "properties": {
        "nome": "Cangaíba",
        "subprefeitura": "Penha",
        "zona": "Leste",
        "populacao": 161200,
        "renda": 2980.0,
        "desloc": 52.6,
        "indice_deserto": 7.7,
        "classificacao": "Deserto Crítico (Prioridade 1)",
        "cor": "#DC2626"
      },
      "geometry": {
        "type": "Polygon",
        "coordinates": [
          [
            [
              -46.5443,
              -23.5292
            ],
            [
              -46.5135,
              -23.5292
            ],
            [
              -46.5069,
              -23.5184
            ],
            [
              -46.5069,
              -23.504
            ],
            [
              -46.5135,
              -23.4932
            ],
            [
              -46.5443,
              -23.4932
            ],
            [
              -46.5509,
              -23.504
            ],
            [
              -46.5509,
              -23.5184
            ],
            [
              -46.5443,
              -23.5292
            ]
          ]
        ]
      }
    },
    {
      "type": "Feature",
      "properties": {
        "nome": "Vila Matilde",
        "subprefeitura": "Penha",
        "zona": "Leste",
        "populacao": 112300,
        "renda": 3980.0,
        "desloc": 45.1,
        "indice_deserto": 6.5,
        "classificacao": "Deserto Moderado (Prioridade 2)",
        "cor": "#F59E0B"
      },
      "geometry": {
        "type": "Polygon",
        "coordinates": [
          [
            [
              -46.5466,
              -23.5592
            ],
            [
              -46.5158,
              -23.5592
            ],
            [
              -46.5092,
              -23.5484
            ],
            [
              -46.5092,
              -23.534
            ],
            [
              -46.5158,
              -23.5232
            ],
            [
              -46.5466,
              -23.5232
            ],
            [
              -46.5532,
              -23.534
            ],
            [
              -46.5532,
              -23.5484
            ],
            [
              -46.5466,
              -23.5592
            ]
          ]
        ]
      }
    },
    {
      "type": "Feature",
      "properties": {
        "nome": "Artur Alvim",
        "subprefeitura": "Penha",
        "zona": "Leste",
        "populacao": 110400,
        "renda": 3120.0,
        "desloc": 51.4,
        "indice_deserto": 7.6,
        "classificacao": "Deserto Crítico (Prioridade 1)",
        "cor": "#DC2626"
      },
      "geometry": {
        "type": "Polygon",
        "coordinates": [
          [
            [
              -46.5046,
              -23.5601
            ],
            [
              -46.4738,
              -23.5601
            ],
            [
              -46.4672,
              -23.5493
            ],
            [
              -46.4672,
              -23.5349
            ],
            [
              -46.4738,
              -23.5241
            ],
            [
              -46.5046,
              -23.5241
            ],
            [
              -46.5112,
              -23.5349
            ],
            [
              -46.5112,
              -23.5493
            ],
            [
              -46.5046,
              -23.5601
            ]
          ]
        ]
      }
    },
    {
      "type": "Feature",
      "properties": {
        "nome": "Itaquera",
        "subprefeitura": "Itaquera",
        "zona": "Leste",
        "populacao": 223500,
        "renda": 2890.0,
        "desloc": 57.8,
        "indice_deserto": 7.0,
        "classificacao": "Deserto Moderado (Prioridade 2)",
        "cor": "#F59E0B"
      },
      "geometry": {
        "type": "Polygon",
        "coordinates": [
          [
            [
              -46.4675,
              -23.5569
            ],
            [
              -46.4367,
              -23.5569
            ],
            [
              -46.4301,
              -23.5461
            ],
            [
              -46.4301,
              -23.5317
            ],
            [
              -46.4367,
              -23.5209
            ],
            [
              -46.4675,
              -23.5209
            ],
            [
              -46.4741,
              -23.5317
            ],
            [
              -46.4741,
              -23.5461
            ],
            [
              -46.4675,
              -23.5569
            ]
          ]
        ]
      }
    },
    {
      "type": "Feature",
      "properties": {
        "nome": "Cidade Líder",
        "subprefeitura": "Itaquera",
        "zona": "Leste",
        "populacao": 134800,
        "renda": 2740.0,
        "desloc": 59.2,
        "indice_deserto": 8.2,
        "classificacao": "Deserto Crítico (Prioridade 1)",
        "cor": "#DC2626"
      },
      "geometry": {
        "type": "Polygon",
        "coordinates": [
          [
            [
              -46.4943,
              -23.5792
            ],
            [
              -46.4635,
              -23.5792
            ],
            [
              -46.4569,
              -23.5684
            ],
            [
              -46.4569,
              -23.554
            ],
            [
              -46.4635,
              -23.5432
            ],
            [
              -46.4943,
              -23.5432
            ],
            [
              -46.5009,
              -23.554
            ],
            [
              -46.5009,
              -23.5684
            ],
            [
              -46.4943,
              -23.5792
            ]
          ]
        ]
      }
    },
    {
      "type": "Feature",
      "properties": {
        "nome": "José Bonifácio",
        "subprefeitura": "Itaquera",
        "zona": "Leste",
        "populacao": 131200,
        "renda": 2580.0,
        "desloc": 61.5,
        "indice_deserto": 8.5,
        "classificacao": "Deserto Crítico (Prioridade 1)",
        "cor": "#DC2626"
      },
      "geometry": {
        "type": "Polygon",
        "coordinates": [
          [
            [
              -46.4368,
              -23.5669
            ],
            [
              -46.406,
              -23.5669
            ],
            [
              -46.3994,
              -23.5561
            ],
            [
              -46.3994,
              -23.5417
            ],
            [
              -46.406,
              -23.5309
            ],
            [
              -46.4368,
              -23.5309
            ],
            [
              -46.4434,
              -23.5417
            ],
            [
              -46.4434,
              -23.5561
            ],
            [
              -46.4368,
              -23.5669
            ]
          ]
        ]
      }
    },
    {
      "type": "Feature",
      "properties": {
        "nome": "Parque do Carmo",
        "subprefeitura": "Itaquera",
        "zona": "Leste",
        "populacao": 75400,
        "renda": 3210.0,
        "desloc": 54.3,
        "indice_deserto": 7.6,
        "classificacao": "Deserto Crítico (Prioridade 1)",
        "cor": "#DC2626"
      },
      "geometry": {
        "type": "Polygon",
        "coordinates": [
          [
            [
              -46.4866,
              -23.5969
            ],
            [
              -46.4558,
              -23.5969
            ],
            [
              -46.4492,
              -23.5861
            ],
            [
              -46.4492,
              -23.5717
            ],
            [
              -46.4558,
              -23.5609
            ],
            [
              -46.4866,
              -23.5609
            ],
            [
              -46.4932,
              -23.5717
            ],
            [
              -46.4932,
              -23.5861
            ],
            [
              -46.4866,
              -23.5969
            ]
          ]
        ]
      }
    },
    {
      "type": "Feature",
      "properties": {
        "nome": "São Mateus",
        "subprefeitura": "São Mateus",
        "zona": "Leste",
        "populacao": 163200,
        "renda": 2690.0,
        "desloc": 60.1,
        "indice_deserto": 7.2,
        "classificacao": "Deserto Moderado (Prioridade 2)",
        "cor": "#F59E0B"
      },
      "geometry": {
        "type": "Polygon",
        "coordinates": [
          [
            [
              -46.4843,
              -23.6162
            ],
            [
              -46.4535,
              -23.6162
            ],
            [
              -46.4469,
              -23.6054
            ],
            [
              -46.4469,
              -23.591
            ],
            [
              -46.4535,
              -23.5802
            ],
            [
              -46.4843,
              -23.5802
            ],
            [
              -46.4909,
              -23.591
            ],
            [
              -46.4909,
              -23.6054
            ],
            [
              -46.4843,
              -23.6162
            ]
          ]
        ]
      }
    },
    {
      "type": "Feature",
      "properties": {
        "nome": "São Rafael",
        "subprefeitura": "São Mateus",
        "zona": "Leste",
        "populacao": 158900,
        "renda": 2450.0,
        "desloc": 63.4,
        "indice_deserto": 8.6,
        "classificacao": "Deserto Crítico (Prioridade 1)",
        "cor": "#DC2626"
      },
      "geometry": {
        "type": "Polygon",
        "coordinates": [
          [
            [
              -46.4643,
              -23.6369
            ],
            [
              -46.4335,
              -23.6369
            ],
            [
              -46.4269,
              -23.6261
            ],
            [
              -46.4269,
              -23.6117
            ],
            [
              -46.4335,
              -23.6009
            ],
            [
              -46.4643,
              -23.6009
            ],
            [
              -46.4709,
              -23.6117
            ],
            [
              -46.4709,
              -23.6261
            ],
            [
              -46.4643,
              -23.6369
            ]
          ]
        ]
      }
    },
    {
      "type": "Feature",
      "properties": {
        "nome": "Iguatemi",
        "subprefeitura": "São Mateus",
        "zona": "Leste",
        "populacao": 142100,
        "renda": 2210.0,
        "desloc": 66.8,
        "indice_deserto": 9.0,
        "classificacao": "Deserto Crítico (Prioridade 1)",
        "cor": "#DC2626"
      },
      "geometry": {
        "type": "Polygon",
        "coordinates": [
          [
            [
              -46.4343,
              -23.6269
            ],
            [
              -46.4035,
              -23.6269
            ],
            [
              -46.3969,
              -23.6161
            ],
            [
              -46.3969,
              -23.6017
            ],
            [
              -46.4035,
              -23.5909
            ],
            [
              -46.4343,
              -23.5909
            ],
            [
              -46.4409,
              -23.6017
            ],
            [
              -46.4409,
              -23.6161
            ],
            [
              -46.4343,
              -23.6269
            ]
          ]
        ]
      }
    },
    {
      "type": "Feature",
      "properties": {
        "nome": "São Miguel",
        "subprefeitura": "São Miguel Paulista",
        "zona": "Leste",
        "populacao": 101200,
        "renda": 3120.0,
        "desloc": 54.2,
        "indice_deserto": 6.4,
        "classificacao": "Deserto Moderado (Prioridade 2)",
        "cor": "#F59E0B"
      },
      "geometry": {
        "type": "Polygon",
        "coordinates": [
          [
            [
              -46.4566,
              -23.5162
            ],
            [
              -46.4258,
              -23.5162
            ],
            [
              -46.4192,
              -23.5054
            ],
            [
              -46.4192,
              -23.491
            ],
            [
              -46.4258,
              -23.4802
            ],
            [
              -46.4566,
              -23.4802
            ],
            [
              -46.4632,
              -23.491
            ],
            [
              -46.4632,
              -23.5054
            ],
            [
              -46.4566,
              -23.5162
            ]
          ]
        ]
      }
    },
    {
      "type": "Feature",
      "properties": {
        "nome": "Vila Jacuí",
        "subprefeitura": "São Miguel Paulista",
        "zona": "Leste",
        "populacao": 152400,
        "renda": 2710.0,
        "desloc": 58.6,
        "indice_deserto": 8.1,
        "classificacao": "Deserto Crítico (Prioridade 1)",
        "cor": "#DC2626"
      },
      "geometry": {
        "type": "Polygon",
        "coordinates": [
          [
            [
              -46.4836,
              -23.5192
            ],
            [
              -46.4528,
              -23.5192
            ],
            [
              -46.4462,
              -23.5084
            ],
            [
              -46.4462,
              -23.494
            ],
            [
              -46.4528,
              -23.4832
            ],
            [
              -46.4836,
              -23.4832
            ],
            [
              -46.4902,
              -23.494
            ],
            [
              -46.4902,
              -23.5084
            ],
            [
              -46.4836,
              -23.5192
            ]
          ]
        ]
      }
    },
    {
      "type": "Feature",
      "properties": {
        "nome": "Jardim Helena",
        "subprefeitura": "São Miguel Paulista",
        "zona": "Leste",
        "populacao": 141800,
        "renda": 2280.0,
        "desloc": 64.1,
        "indice_deserto": 7.8,
        "classificacao": "Deserto Crítico (Prioridade 1)",
        "cor": "#DC2626"
      },
      "geometry": {
        "type": "Polygon",
        "coordinates": [
          [
            [
              -46.4136,
              -23.5072
            ],
            [
              -46.3828,
              -23.5072
            ],
            [
              -46.3762,
              -23.4964
            ],
            [
              -46.3762,
              -23.482
            ],
            [
              -46.3828,
              -23.4712
            ],
            [
              -46.4136,
              -23.4712
            ],
            [
              -46.4202,
              -23.482
            ],
            [
              -46.4202,
              -23.4964
            ],
            [
              -46.4136,
              -23.5072
            ]
          ]
        ]
      }
    },
    {
      "type": "Feature",
      "properties": {
        "nome": "Itaim Paulista",
        "subprefeitura": "Itaim Paulista",
        "zona": "Leste",
        "populacao": 241500,
        "renda": 2310.0,
        "desloc": 65.8,
        "indice_deserto": 8.8,
        "classificacao": "Deserto Crítico (Prioridade 1)",
        "cor": "#DC2626"
      },
      "geometry": {
        "type": "Polygon",
        "coordinates": [
          [
            [
              -46.4066,
              -23.5192
            ],
            [
              -46.3758,
              -23.5192
            ],
            [
              -46.3692,
              -23.5084
            ],
            [
              -46.3692,
              -23.494
            ],
            [
              -46.3758,
              -23.4832
            ],
            [
              -46.4066,
              -23.4832
            ],
            [
              -46.4132,
              -23.494
            ],
            [
              -46.4132,
              -23.5084
            ],
            [
              -46.4066,
              -23.5192
            ]
          ]
        ]
      }
    },
    {
      "type": "Feature",
      "properties": {
        "nome": "Vila Curuçá",
        "subprefeitura": "Itaim Paulista",
        "zona": "Leste",
        "populacao": 162300,
        "renda": 2420.0,
        "desloc": 63.2,
        "indice_deserto": 7.6,
        "classificacao": "Deserto Crítico (Prioridade 1)",
        "cor": "#DC2626"
      },
      "geometry": {
        "type": "Polygon",
        "coordinates": [
          [
            [
              -46.4343,
              -23.5369
            ],
            [
              -46.4035,
              -23.5369
            ],
            [
              -46.3969,
              -23.5261
            ],
            [
              -46.3969,
              -23.5117
            ],
            [
              -46.4035,
              -23.5009
            ],
            [
              -46.4343,
              -23.5009
            ],
            [
              -46.4409,
              -23.5117
            ],
            [
              -46.4409,
              -23.5261
            ],
            [
              -46.4343,
              -23.5369
            ]
          ]
        ]
      }
    },
    {
      "type": "Feature",
      "properties": {
        "nome": "Ermelino Matarazzo",
        "subprefeitura": "Ermelino Matarazzo",
        "zona": "Leste",
        "populacao": 119800,
        "renda": 2940.0,
        "desloc": 55.4,
        "indice_deserto": 7.8,
        "classificacao": "Deserto Crítico (Prioridade 1)",
        "cor": "#DC2626"
      },
      "geometry": {
        "type": "Polygon",
        "coordinates": [
          [
            [
              -46.5008,
              -23.5072
            ],
            [
              -46.47,
              -23.5072
            ],
            [
              -46.4634,
              -23.4964
            ],
            [
              -46.4634,
              -23.482
            ],
            [
              -46.47,
              -23.4712
            ],
            [
              -46.5008,
              -23.4712
            ],
            [
              -46.5074,
              -23.482
            ],
            [
              -46.5074,
              -23.4964
            ],
            [
              -46.5008,
              -23.5072
            ]
          ]
        ]
      }
    },
    {
      "type": "Feature",
      "properties": {
        "nome": "Ponte Rasa",
        "subprefeitura": "Ermelino Matarazzo",
        "zona": "Leste",
        "populacao": 104200,
        "renda": 3150.0,
        "desloc": 53.1,
        "indice_deserto": 7.6,
        "classificacao": "Deserto Crítico (Prioridade 1)",
        "cor": "#DC2626"
      },
      "geometry": {
        "type": "Polygon",
        "coordinates": [
          [
            [
              -46.5166,
              -23.5301
            ],
            [
              -46.4858,
              -23.5301
            ],
            [
              -46.4792,
              -23.5193
            ],
            [
              -46.4792,
              -23.5049
            ],
            [
              -46.4858,
              -23.4941
            ],
            [
              -46.5166,
              -23.4941
            ],
            [
              -46.5232,
              -23.5049
            ],
            [
              -46.5232,
              -23.5193
            ],
            [
              -46.5166,
              -23.5301
            ]
          ]
        ]
      }
    },
    {
      "type": "Feature",
      "properties": {
        "nome": "Guaianases",
        "subprefeitura": "Guaianases",
        "zona": "Leste",
        "populacao": 112400,
        "renda": 2350.0,
        "desloc": 66.2,
        "indice_deserto": 8.8,
        "classificacao": "Deserto Crítico (Prioridade 1)",
        "cor": "#DC2626"
      },
      "geometry": {
        "type": "Polygon",
        "coordinates": [
          [
            [
              -46.4236,
              -23.5669
            ],
            [
              -46.3928,
              -23.5669
            ],
            [
              -46.3862,
              -23.5561
            ],
            [
              -46.3862,
              -23.5417
            ],
            [
              -46.3928,
              -23.5309
            ],
            [
              -46.4236,
              -23.5309
            ],
            [
              -46.4302,
              -23.5417
            ],
            [
              -46.4302,
              -23.5561
            ],
            [
              -46.4236,
              -23.5669
            ]
          ]
        ]
      }
    },
    {
      "type": "Feature",
      "properties": {
        "nome": "Lajeado",
        "subprefeitura": "Guaianases",
        "zona": "Leste",
        "populacao": 195200,
        "renda": 2190.0,
        "desloc": 67.9,
        "indice_deserto": 9.1,
        "classificacao": "Deserto Crítico (Prioridade 1)",
        "cor": "#DC2626"
      },
      "geometry": {
        "type": "Polygon",
        "coordinates": [
          [
            [
              -46.4136,
              -23.5492
            ],
            [
              -46.3828,
              -23.5492
            ],
            [
              -46.3762,
              -23.5384
            ],
            [
              -46.3762,
              -23.524
            ],
            [
              -46.3828,
              -23.5132
            ],
            [
              -46.4136,
              -23.5132
            ],
            [
              -46.4202,
              -23.524
            ],
            [
              -46.4202,
              -23.5384
            ],
            [
              -46.4136,
              -23.5492
            ]
          ]
        ]
      }
    },
    {
      "type": "Feature",
      "properties": {
        "nome": "Cidade Tiradentes",
        "subprefeitura": "Cidade Tiradentes",
        "zona": "Leste",
        "populacao": 231500,
        "renda": 2040.0,
        "desloc": 72.4,
        "indice_deserto": 7.6,
        "classificacao": "Deserto Crítico (Prioridade 1)",
        "cor": "#DC2626"
      },
      "geometry": {
        "type": "Polygon",
        "coordinates": [
          [
            [
              -46.4136,
              -23.6092
            ],
            [
              -46.3828,
              -23.6092
            ],
            [
              -46.3762,
              -23.5984
            ],
            [
              -46.3762,
              -23.584
            ],
            [
              -46.3828,
              -23.5732
            ],
            [
              -46.4136,
              -23.5732
            ],
            [
              -46.4202,
              -23.584
            ],
            [
              -46.4202,
              -23.5984
            ],
            [
              -46.4136,
              -23.6092
            ]
          ]
        ]
      }
    },
    {
      "type": "Feature",
      "properties": {
        "nome": "Sapopemba",
        "subprefeitura": "Sapopemba",
        "zona": "Leste",
        "populacao": 298400,
        "renda": 2580.0,
        "desloc": 58.9,
        "indice_deserto": 7.3,
        "classificacao": "Deserto Moderado (Prioridade 2)",
        "cor": "#F59E0B"
      },
      "geometry": {
        "type": "Polygon",
        "coordinates": [
          [
            [
              -46.5243,
              -23.6234
            ],
            [
              -46.4935,
              -23.6234
            ],
            [
              -46.4869,
              -23.6126
            ],
            [
              -46.4869,
              -23.5982
            ],
            [
              -46.4935,
              -23.5874
            ],
            [
              -46.5243,
              -23.5874
            ],
            [
              -46.5309,
              -23.5982
            ],
            [
              -46.5309,
              -23.6126
            ],
            [
              -46.5243,
              -23.6234
            ]
          ]
        ]
      }
    },
    {
      "type": "Feature",
      "properties": {
        "nome": "Aricanduva",
        "subprefeitura": "Aricanduva/Formosa/Carrão",
        "zona": "Leste",
        "populacao": 94800,
        "renda": 3890.0,
        "desloc": 47.5,
        "indice_deserto": 6.5,
        "classificacao": "Deserto Moderado (Prioridade 2)",
        "cor": "#F59E0B"
      },
      "geometry": {
        "type": "Polygon",
        "coordinates": [
          [
            [
              -46.5336,
              -23.5969
            ],
            [
              -46.5028,
              -23.5969
            ],
            [
              -46.4962,
              -23.5861
            ],
            [
              -46.4962,
              -23.5717
            ],
            [
              -46.5028,
              -23.5609
            ],
            [
              -46.5336,
              -23.5609
            ],
            [
              -46.5402,
              -23.5717
            ],
            [
              -46.5402,
              -23.5861
            ],
            [
              -46.5336,
              -23.5969
            ]
          ]
        ]
      }
    },
    {
      "type": "Feature",
      "properties": {
        "nome": "Carrão",
        "subprefeitura": "Aricanduva/Formosa/Carrão",
        "zona": "Leste",
        "populacao": 91200,
        "renda": 4670.0,
        "desloc": 41.2,
        "indice_deserto": 5.6,
        "classificacao": "Deserto Moderado (Prioridade 2)",
        "cor": "#F59E0B"
      },
      "geometry": {
        "type": "Polygon",
        "coordinates": [
          [
            [
              -46.5566,
              -23.5692
            ],
            [
              -46.5258,
              -23.5692
            ],
            [
              -46.5192,
              -23.5584
            ],
            [
              -46.5192,
              -23.544
            ],
            [
              -46.5258,
              -23.5332
            ],
            [
              -46.5566,
              -23.5332
            ],
            [
              -46.5632,
              -23.544
            ],
            [
              -46.5632,
              -23.5584
            ],
            [
              -46.5566,
              -23.5692
            ]
          ]
        ]
      }
    },
    {
      "type": "Feature",
      "properties": {
        "nome": "Vila Formosa",
        "subprefeitura": "Aricanduva/Formosa/Carrão",
        "zona": "Leste",
        "populacao": 101500,
        "renda": 4820.0,
        "desloc": 40.5,
        "indice_deserto": 5.5,
        "classificacao": "Deserto Moderado (Prioridade 2)",
        "cor": "#F59E0B"
      },
      "geometry": {
        "type": "Polygon",
        "coordinates": [
          [
            [
              -46.5666,
              -23.5869
            ],
            [
              -46.5358,
              -23.5869
            ],
            [
              -46.5292,
              -23.5761
            ],
            [
              -46.5292,
              -23.5617
            ],
            [
              -46.5358,
              -23.5509
            ],
            [
              -46.5666,
              -23.5509
            ],
            [
              -46.5732,
              -23.5617
            ],
            [
              -46.5732,
              -23.5761
            ],
            [
              -46.5666,
              -23.5869
            ]
          ]
        ]
      }
    },
    {
      "type": "Feature",
      "properties": {
        "nome": "Vila Prudente",
        "subprefeitura": "Vila Prudente",
        "zona": "Leste",
        "populacao": 114200,
        "renda": 4650.0,
        "desloc": 38.9,
        "indice_deserto": 5.2,
        "classificacao": "Em Cobertura (Prioridade 3)",
        "cor": "#3B82F6"
      },
      "geometry": {
        "type": "Polygon",
        "coordinates": [
          [
            [
              -46.5975,
              -23.6034
            ],
            [
              -46.5667,
              -23.6034
            ],
            [
              -46.5601,
              -23.5926
            ],
            [
              -46.5601,
              -23.5782
            ],
            [
              -46.5667,
              -23.5674
            ],
            [
              -46.5975,
              -23.5674
            ],
            [
              -46.6041,
              -23.5782
            ],
            [
              -46.6041,
              -23.5926
            ],
            [
              -46.5975,
              -23.6034
            ]
          ]
        ]
      }
    },
    {
      "type": "Feature",
      "properties": {
        "nome": "São Lucas",
        "subprefeitura": "Vila Prudente",
        "zona": "Leste",
        "populacao": 142800,
        "renda": 3410.0,
        "desloc": 48.6,
        "indice_deserto": 7.1,
        "classificacao": "Deserto Moderado (Prioridade 2)",
        "cor": "#F59E0B"
      },
      "geometry": {
        "type": "Polygon",
        "coordinates": [
          [
            [
              -46.5636,
              -23.6092
            ],
            [
              -46.5328,
              -23.6092
            ],
            [
              -46.5262,
              -23.5984
            ],
            [
              -46.5262,
              -23.584
            ],
            [
              -46.5328,
              -23.5732
            ],
            [
              -46.5636,
              -23.5732
            ],
            [
              -46.5702,
              -23.584
            ],
            [
              -46.5702,
              -23.5984
            ],
            [
              -46.5636,
              -23.6092
            ]
          ]
        ]
      }
    },
    {
      "type": "Feature",
      "properties": {
        "nome": "Ipiranga",
        "subprefeitura": "Ipiranga",
        "zona": "Sul",
        "populacao": 114500,
        "renda": 5680.0,
        "desloc": 35.8,
        "indice_deserto": 4.1,
        "classificacao": "Em Cobertura (Prioridade 3)",
        "cor": "#3B82F6"
      },
      "geometry": {
        "type": "Polygon",
        "coordinates": [
          [
            [
              -46.6236,
              -23.6092
            ],
            [
              -46.5928,
              -23.6092
            ],
            [
              -46.5862,
              -23.5984
            ],
            [
              -46.5862,
              -23.584
            ],
            [
              -46.5928,
              -23.5732
            ],
            [
              -46.6236,
              -23.5732
            ],
            [
              -46.6302,
              -23.584
            ],
            [
              -46.6302,
              -23.5984
            ],
            [
              -46.6236,
              -23.6092
            ]
          ]
        ]
      }
    },
    {
      "type": "Feature",
      "properties": {
        "nome": "Cursino",
        "subprefeitura": "Ipiranga",
        "zona": "Sul",
        "populacao": 108900,
        "renda": 4350.0,
        "desloc": 42.1,
        "indice_deserto": 6.1,
        "classificacao": "Deserto Moderado (Prioridade 2)",
        "cor": "#F59E0B"
      },
      "geometry": {
        "type": "Polygon",
        "coordinates": [
          [
            [
              -46.6336,
              -23.6394
            ],
            [
              -46.6028,
              -23.6394
            ],
            [
              -46.5962,
              -23.6286
            ],
            [
              -46.5962,
              -23.6142
            ],
            [
              -46.6028,
              -23.6034
            ],
            [
              -46.6336,
              -23.6034
            ],
            [
              -46.6402,
              -23.6142
            ],
            [
              -46.6402,
              -23.6286
            ],
            [
              -46.6336,
              -23.6394
            ]
          ]
        ]
      }
    },
    {
      "type": "Feature",
      "properties": {
        "nome": "Sacomã",
        "subprefeitura": "Ipiranga",
        "zona": "Sul",
        "populacao": 268400,
        "renda": 2980.0,
        "desloc": 51.4,
        "indice_deserto": 5.6,
        "classificacao": "Deserto Moderado (Prioridade 2)",
        "cor": "#F59E0B"
      },
      "geometry": {
        "type": "Polygon",
        "coordinates": [
          [
            [
              -46.6066,
              -23.6369
            ],
            [
              -46.5758,
              -23.6369
            ],
            [
              -46.5692,
              -23.6261
            ],
            [
              -46.5692,
              -23.6117
            ],
            [
              -46.5758,
              -23.6009
            ],
            [
              -46.6066,
              -23.6009
            ],
            [
              -46.6132,
              -23.6117
            ],
            [
              -46.6132,
              -23.6261
            ],
            [
              -46.6066,
              -23.6369
            ]
          ]
        ]
      }
    },
    {
      "type": "Feature",
      "properties": {
        "nome": "Vila Mariana",
        "subprefeitura": "Vila Mariana",
        "zona": "Sul",
        "populacao": 142100,
        "renda": 9200.0,
        "desloc": 28.4,
        "indice_deserto": 2.2,
        "classificacao": "Polo Consolidado (Bem Assistido)",
        "cor": "#10B981"
      },
      "geometry": {
        "type": "Polygon",
        "coordinates": [
          [
            [
              -46.6536,
              -23.5992
            ],
            [
              -46.6228,
              -23.5992
            ],
            [
              -46.6162,
              -23.5884
            ],
            [
              -46.6162,
              -23.574
            ],
            [
              -46.6228,
              -23.5632
            ],
            [
              -46.6536,
              -23.5632
            ],
            [
              -46.6602,
              -23.574
            ],
            [
              -46.6602,
              -23.5884
            ],
            [
              -46.6536,
              -23.5992
            ]
          ]
        ]
      }
    },
    {
      "type": "Feature",
      "properties": {
        "nome": "Saúde",
        "subprefeitura": "Vila Mariana",
        "zona": "Sul",
        "populacao": 145800,
        "renda": 6540.0,
        "desloc": 32.6,
        "indice_deserto": 3.9,
        "classificacao": "Em Cobertura (Prioridade 3)",
        "cor": "#3B82F6"
      },
      "geometry": {
        "type": "Polygon",
        "coordinates": [
          [
            [
              -46.6543,
              -23.6369
            ],
            [
              -46.6235,
              -23.6369
            ],
            [
              -46.6169,
              -23.6261
            ],
            [
              -46.6169,
              -23.6117
            ],
            [
              -46.6235,
              -23.6009
            ],
            [
              -46.6543,
              -23.6009
            ],
            [
              -46.6609,
              -23.6117
            ],
            [
              -46.6609,
              -23.6261
            ],
            [
              -46.6543,
              -23.6369
            ]
          ]
        ]
      }
    },
    {
      "type": "Feature",
      "properties": {
        "nome": "Moema",
        "subprefeitura": "Vila Mariana",
        "zona": "Sul",
        "populacao": 91200,
        "renda": 11200.0,
        "desloc": 26.5,
        "indice_deserto": 2.1,
        "classificacao": "Polo Consolidado (Bem Assistido)",
        "cor": "#10B981"
      },
      "geometry": {
        "type": "Polygon",
        "coordinates": [
          [
            [
              -46.6766,
              -23.6192
            ],
            [
              -46.6458,
              -23.6192
            ],
            [
              -46.6392,
              -23.6084
            ],
            [
              -46.6392,
              -23.594
            ],
            [
              -46.6458,
              -23.5832
            ],
            [
              -46.6766,
              -23.5832
            ],
            [
              -46.6832,
              -23.594
            ],
            [
              -46.6832,
              -23.6084
            ],
            [
              -46.6766,
              -23.6192
            ]
          ]
        ]
      }
    },
    {
      "type": "Feature",
      "properties": {
        "nome": "Santo Amaro",
        "subprefeitura": "Santo Amaro",
        "zona": "Sul",
        "populacao": 79400,
        "renda": 7890.0,
        "desloc": 32.1,
        "indice_deserto": 1.4,
        "classificacao": "Polo Consolidado (Bem Assistido)",
        "cor": "#10B981"
      },
      "geometry": {
        "type": "Polygon",
        "coordinates": [
          [
            [
              -46.7166,
              -23.6692
            ],
            [
              -46.6858,
              -23.6692
            ],
            [
              -46.6792,
              -23.6584
            ],
            [
              -46.6792,
              -23.644
            ],
            [
              -46.6858,
              -23.6332
            ],
            [
              -46.7166,
              -23.6332
            ],
            [
              -46.7232,
              -23.644
            ],
            [
              -46.7232,
              -23.6584
            ],
            [
              -46.7166,
              -23.6692
            ]
          ]
        ]
      }
    },
    {
      "type": "Feature",
      "properties": {
        "nome": "Campo Belo",
        "subprefeitura": "Santo Amaro",
        "zona": "Sul",
        "populacao": 73200,
        "renda": 8950.0,
        "desloc": 29.8,
        "indice_deserto": 2.2,
        "classificacao": "Polo Consolidado (Bem Assistido)",
        "cor": "#10B981"
      },
      "geometry": {
        "type": "Polygon",
        "coordinates": [
          [
            [
              -46.6866,
              -23.6469
            ],
            [
              -46.6558,
              -23.6469
            ],
            [
              -46.6492,
              -23.6361
            ],
            [
              -46.6492,
              -23.6217
            ],
            [
              -46.6558,
              -23.6109
            ],
            [
              -46.6866,
              -23.6109
            ],
            [
              -46.6932,
              -23.6217
            ],
            [
              -46.6932,
              -23.6361
            ],
            [
              -46.6866,
              -23.6469
            ]
          ]
        ]
      }
    },
    {
      "type": "Feature",
      "properties": {
        "nome": "Campo Grande",
        "subprefeitura": "Santo Amaro",
        "zona": "Sul",
        "populacao": 114500,
        "renda": 4980.0,
        "desloc": 41.2,
        "indice_deserto": 5.3,
        "classificacao": "Em Cobertura (Prioridade 3)",
        "cor": "#3B82F6"
      },
      "geometry": {
        "type": "Polygon",
        "coordinates": [
          [
            [
              -46.7046,
              -23.6892
            ],
            [
              -46.6738,
              -23.6892
            ],
            [
              -46.6672,
              -23.6784
            ],
            [
              -46.6672,
              -23.664
            ],
            [
              -46.6738,
              -23.6532
            ],
            [
              -46.7046,
              -23.6532
            ],
            [
              -46.7112,
              -23.664
            ],
            [
              -46.7112,
              -23.6784
            ],
            [
              -46.7046,
              -23.6892
            ]
          ]
        ]
      }
    },
    {
      "type": "Feature",
      "properties": {
        "nome": "Jabaquara",
        "subprefeitura": "Jabaquara",
        "zona": "Sul",
        "populacao": 231400,
        "renda": 3670.0,
        "desloc": 45.8,
        "indice_deserto": 6.5,
        "classificacao": "Deserto Moderado (Prioridade 2)",
        "cor": "#F59E0B"
      },
      "geometry": {
        "type": "Polygon",
        "coordinates": [
          [
            [
              -46.6636,
              -23.6692
            ],
            [
              -46.6328,
              -23.6692
            ],
            [
              -46.6262,
              -23.6584
            ],
            [
              -46.6262,
              -23.644
            ],
            [
              -46.6328,
              -23.6332
            ],
            [
              -46.6636,
              -23.6332
            ],
            [
              -46.6702,
              -23.644
            ],
            [
              -46.6702,
              -23.6584
            ],
            [
              -46.6636,
              -23.6692
            ]
          ]
        ]
      }
    },
    {
      "type": "Feature",
      "properties": {
        "nome": "Cidade Ademar",
        "subprefeitura": "Cidade Ademar",
        "zona": "Sul",
        "populacao": 285400,
        "renda": 2780.0,
        "desloc": 57.2,
        "indice_deserto": 7.0,
        "classificacao": "Deserto Moderado (Prioridade 2)",
        "cor": "#F59E0B"
      },
      "geometry": {
        "type": "Polygon",
        "coordinates": [
          [
            [
              -46.6736,
              -23.6869
            ],
            [
              -46.6428,
              -23.6869
            ],
            [
              -46.6362,
              -23.6761
            ],
            [
              -46.6362,
              -23.6617
            ],
            [
              -46.6428,
              -23.6509
            ],
            [
              -46.6736,
              -23.6509
            ],
            [
              -46.6802,
              -23.6617
            ],
            [
              -46.6802,
              -23.6761
            ],
            [
              -46.6736,
              -23.6869
            ]
          ]
        ]
      }
    },
    {
      "type": "Feature",
      "properties": {
        "nome": "Pedreira",
        "subprefeitura": "Cidade Ademar",
        "zona": "Sul",
        "populacao": 158900,
        "renda": 2420.0,
        "desloc": 61.8,
        "indice_deserto": 8.5,
        "classificacao": "Deserto Crítico (Prioridade 1)",
        "cor": "#DC2626"
      },
      "geometry": {
        "type": "Polygon",
        "coordinates": [
          [
            [
              -46.6666,
              -23.7162
            ],
            [
              -46.6358,
              -23.7162
            ],
            [
              -46.6292,
              -23.7054
            ],
            [
              -46.6292,
              -23.691
            ],
            [
              -46.6358,
              -23.6802
            ],
            [
              -46.6666,
              -23.6802
            ],
            [
              -46.6732,
              -23.691
            ],
            [
              -46.6732,
              -23.7054
            ],
            [
              -46.6666,
              -23.7162
            ]
          ]
        ]
      }
    },
    {
      "type": "Feature",
      "properties": {
        "nome": "Campo Limpo",
        "subprefeitura": "Campo Limpo",
        "zona": "Sul",
        "populacao": 234100,
        "renda": 2890.0,
        "desloc": 56.4,
        "indice_deserto": 6.8,
        "classificacao": "Deserto Moderado (Prioridade 2)",
        "cor": "#F59E0B"
      },
      "geometry": {
        "type": "Polygon",
        "coordinates": [
          [
            [
              -46.7766,
              -23.6569
            ],
            [
              -46.7458,
              -23.6569
            ],
            [
              -46.7392,
              -23.6461
            ],
            [
              -46.7392,
              -23.6317
            ],
            [
              -46.7458,
              -23.6209
            ],
            [
              -46.7766,
              -23.6209
            ],
            [
              -46.7832,
              -23.6317
            ],
            [
              -46.7832,
              -23.6461
            ],
            [
              -46.7766,
              -23.6569
            ]
          ]
        ]
      }
    },
    {
      "type": "Feature",
      "properties": {
        "nome": "Capão Redondo",
        "subprefeitura": "Campo Limpo",
        "zona": "Sul",
        "populacao": 298500,
        "renda": 2450.0,
        "desloc": 62.5,
        "indice_deserto": 8.6,
        "classificacao": "Deserto Crítico (Prioridade 1)",
        "cor": "#DC2626"
      },
      "geometry": {
        "type": "Polygon",
        "coordinates": [
          [
            [
              -46.7966,
              -23.6869
            ],
            [
              -46.7658,
              -23.6869
            ],
            [
              -46.7592,
              -23.6761
            ],
            [
              -46.7592,
              -23.6617
            ],
            [
              -46.7658,
              -23.6509
            ],
            [
              -46.7966,
              -23.6509
            ],
            [
              -46.8032,
              -23.6617
            ],
            [
              -46.8032,
              -23.6761
            ],
            [
              -46.7966,
              -23.6869
            ]
          ]
        ]
      }
    },
    {
      "type": "Feature",
      "properties": {
        "nome": "Vila Andrade",
        "subprefeitura": "Campo Limpo",
        "zona": "Sul",
        "populacao": 158400,
        "renda": 4650.0,
        "desloc": 46.2,
        "indice_deserto": 5.9,
        "classificacao": "Deserto Moderado (Prioridade 2)",
        "cor": "#F59E0B"
      },
      "geometry": {
        "type": "Polygon",
        "coordinates": [
          [
            [
              -46.7443,
              -23.6469
            ],
            [
              -46.7135,
              -23.6469
            ],
            [
              -46.7069,
              -23.6361
            ],
            [
              -46.7069,
              -23.6217
            ],
            [
              -46.7135,
              -23.6109
            ],
            [
              -46.7443,
              -23.6109
            ],
            [
              -46.7509,
              -23.6217
            ],
            [
              -46.7509,
              -23.6361
            ],
            [
              -46.7443,
              -23.6469
            ]
          ]
        ]
      }
    },
    {
      "type": "Feature",
      "properties": {
        "nome": "Jardim São Luís",
        "subprefeitura": "M'Boi Mirim",
        "zona": "Sul",
        "populacao": 289400,
        "renda": 2540.0,
        "desloc": 59.8,
        "indice_deserto": 8.3,
        "classificacao": "Deserto Crítico (Prioridade 1)",
        "cor": "#DC2626"
      },
      "geometry": {
        "type": "Polygon",
        "coordinates": [
          [
            [
              -46.7566,
              -23.6892
            ],
            [
              -46.7258,
              -23.6892
            ],
            [
              -46.7192,
              -23.6784
            ],
            [
              -46.7192,
              -23.664
            ],
            [
              -46.7258,
              -23.6532
            ],
            [
              -46.7566,
              -23.6532
            ],
            [
              -46.7632,
              -23.664
            ],
            [
              -46.7632,
              -23.6784
            ],
            [
              -46.7566,
              -23.6892
            ]
          ]
        ]
      }
    },
    {
      "type": "Feature",
      "properties": {
        "nome": "Jardim Ângela",
        "subprefeitura": "M'Boi Mirim",
        "zona": "Sul",
        "populacao": 315400,
        "renda": 2240.0,
        "desloc": 66.5,
        "indice_deserto": 8.9,
        "classificacao": "Deserto Crítico (Prioridade 1)",
        "cor": "#DC2626"
      },
      "geometry": {
        "type": "Polygon",
        "coordinates": [
          [
            [
              -46.7843,
              -23.7292
            ],
            [
              -46.7535,
              -23.7292
            ],
            [
              -46.7469,
              -23.7184
            ],
            [
              -46.7469,
              -23.704
            ],
            [
              -46.7535,
              -23.6932
            ],
            [
              -46.7843,
              -23.6932
            ],
            [
              -46.7909,
              -23.704
            ],
            [
              -46.7909,
              -23.7184
            ],
            [
              -46.7843,
              -23.7292
            ]
          ]
        ]
      }
    },
    {
      "type": "Feature",
      "properties": {
        "nome": "Socorro",
        "subprefeitura": "Capela do Socorro",
        "zona": "Sul",
        "populacao": 42100,
        "renda": 4560.0,
        "desloc": 44.5,
        "indice_deserto": 4.0,
        "classificacao": "Em Cobertura (Prioridade 3)",
        "cor": "#3B82F6"
      },
      "geometry": {
        "type": "Polygon",
        "coordinates": [
          [
            [
              -46.7236,
              -23.7162
            ],
            [
              -46.6928,
              -23.7162
            ],
            [
              -46.6862,
              -23.7054
            ],
            [
              -46.6862,
              -23.691
            ],
            [
              -46.6928,
              -23.6802
            ],
            [
              -46.7236,
              -23.6802
            ],
            [
              -46.7302,
              -23.691
            ],
            [
              -46.7302,
              -23.7054
            ],
            [
              -46.7236,
              -23.7162
            ]
          ]
        ]
      }
    },
    {
      "type": "Feature",
      "properties": {
        "nome": "Cidade Dutra",
        "subprefeitura": "Capela do Socorro",
        "zona": "Sul",
        "populacao": 215400,
        "renda": 3450.0,
        "desloc": 52.8,
        "indice_deserto": 7.1,
        "classificacao": "Deserto Moderado (Prioridade 2)",
        "cor": "#F59E0B"
      },
      "geometry": {
        "type": "Polygon",
        "coordinates": [
          [
            [
              -46.7136,
              -23.7369
            ],
            [
              -46.6828,
              -23.7369
            ],
            [
              -46.6762,
              -23.7261
            ],
            [
              -46.6762,
              -23.7117
            ],
            [
              -46.6828,
              -23.7009
            ],
            [
              -46.7136,
              -23.7009
            ],
            [
              -46.7202,
              -23.7117
            ],
            [
              -46.7202,
              -23.7261
            ],
            [
              -46.7136,
              -23.7369
            ]
          ]
        ]
      }
    },
    {
      "type": "Feature",
      "properties": {
        "nome": "Grajaú",
        "subprefeitura": "Capela do Socorro",
        "zona": "Sul",
        "populacao": 398200,
        "renda": 2190.0,
        "desloc": 68.4,
        "indice_deserto": 8.1,
        "classificacao": "Deserto Crítico (Prioridade 1)",
        "cor": "#DC2626"
      },
      "geometry": {
        "type": "Polygon",
        "coordinates": [
          [
            [
              -46.7036,
              -23.7769
            ],
            [
              -46.6728,
              -23.7769
            ],
            [
              -46.6662,
              -23.7661
            ],
            [
              -46.6662,
              -23.7517
            ],
            [
              -46.6728,
              -23.7409
            ],
            [
              -46.7036,
              -23.7409
            ],
            [
              -46.7102,
              -23.7517
            ],
            [
              -46.7102,
              -23.7661
            ],
            [
              -46.7036,
              -23.7769
            ]
          ]
        ]
      }
    },
    {
      "type": "Feature",
      "properties": {
        "nome": "Parelheiros",
        "subprefeitura": "Parelheiros",
        "zona": "Sul",
        "populacao": 158400,
        "renda": 2080.0,
        "desloc": 74.2,
        "indice_deserto": 8.5,
        "classificacao": "Deserto Crítico (Prioridade 1)",
        "cor": "#DC2626"
      },
      "geometry": {
        "type": "Polygon",
        "coordinates": [
          [
            [
              -46.7343,
              -23.8394
            ],
            [
              -46.7035,
              -23.8394
            ],
            [
              -46.6969,
              -23.8286
            ],
            [
              -46.6969,
              -23.8142
            ],
            [
              -46.7035,
              -23.8034
            ],
            [
              -46.7343,
              -23.8034
            ],
            [
              -46.7409,
              -23.8142
            ],
            [
              -46.7409,
              -23.8286
            ],
            [
              -46.7343,
              -23.8394
            ]
          ]
        ]
      }
    },
    {
      "type": "Feature",
      "properties": {
        "nome": "Marsilac",
        "subprefeitura": "Parelheiros",
        "zona": "Sul",
        "populacao": 11400,
        "renda": 1950.0,
        "desloc": 79.5,
        "indice_deserto": 9.6,
        "classificacao": "Deserto Crítico (Prioridade 1)",
        "cor": "#DC2626"
      },
      "geometry": {
        "type": "Polygon",
        "coordinates": [
          [
            [
              -46.7266,
              -23.9092
            ],
            [
              -46.6958,
              -23.9092
            ],
            [
              -46.6892,
              -23.8984
            ],
            [
              -46.6892,
              -23.884
            ],
            [
              -46.6958,
              -23.8732
            ],
            [
              -46.7266,
              -23.8732
            ],
            [
              -46.7332,
              -23.884
            ],
            [
              -46.7332,
              -23.8984
            ],
            [
              -46.7266,
              -23.9092
            ]
          ]
        ]
      }
    }
  ]
}